discord_user,team
Mini,Jager Mains
Terminator8465,Jager Mains
Reapzz,Jager Mains
Alex,Free Boost
MiniMug,Free Boost
tritonec,Free Boost
GreenSleeves,50 Shades of Green
Someday,50 Shades of Green
tgolden,50 Shades of Green
Steve,Ball Masters
Scootleboot,Ball Masters
Monkeystein,Ball Masters
Krystopher,Ball Masters
InvincibleBlaze,BlazingHotMangos
adamamango,BlazingHotMangos
Hotshot,BlazingHotMangos
Pacific_Gull,Kirkland Signature
Brictone,Kirkland Signature
rj,Kirkland Signature
Chyaboi,Toxic Tres
Shaunch,Toxic Tres
Kameron #1 Swiftie,Toxic Tres
CommanderBoy,Monkey See Monkey Do
MuffledCastle,Monkey See Monkey Do
Monkeylicious,Monkey See Monkey Do
Luisito,Team
Froyo,Team
Lalaluke413,Team
